{
    "ListItems": [
        {
            "LevelName": "Level 1",
            "gamePlayUis": [
                {
                    "GamePlayUIname": "Hall",
                    "moneyGetPlaces": [
                        {
                            "getPlaces": {
                                "instanceID": -14620
                            }
                        }
                    ],
                    "moneySpendPlaces": [
                        {
                            "spendPlaces": {
                                "instanceID": -14440
                            },
                            "count": 11,
                            "restaurantObjects": 1
                        }
                    ],
                    "moneyPlacesTransformPosition": [
                        {
                            "x": 0.009999999776482582,
                            "y": 0.05000000074505806,
                            "z": 1.6990000009536744
                        }
                    ],
                    "moneyPlacesTransformRotation": [
                        {
                            "x": 0.7071068286895752,
                            "y": 0.0,
                            "z": 0.0,
                            "w": 0.7071068286895752
                        }
                    ],
                    "moneyPlacesTransformScale": [
                        {
                            "x": 0.15000000596046449,
                            "y": 0.15000000596046449,
                            "z": 0.15000000596046449
                        }
                    ],
                    "spendPlacesTransformPosition": [
                        {
                            "x": 1.909999966621399,
                            "y": 0.05000000074505806,
                            "z": -0.05999999865889549
                        }
                    ],
                    "spendPlacesTransformRotation": [
                        {
                            "x": 0.7071068286895752,
                            "y": 0.0,
                            "z": 0.0,
                            "w": 0.7071068286895752
                        }
                    ],
                    "spendPlacesTransformScale": [
                        {
                            "x": 0.15000000596046449,
                            "y": 0.15000000596046449,
                            "z": 0.15000000596046449
                        }
                    ]
                }
            ],
            "objectsInLevels": []
        }
    ]
}