{
    "ListItems": [
        {
            "LevelName": "Level 1",
            "gamePlayUis": [
                {
                    "GamePlayUIname": "Hall",
                    "moneyGetPlaces": [
                        {
                            "getPlaces": {
                                "instanceID": 52008
                            }
                        }
                    ],
                    "moneySpendPlaceToUnlockObjects": [
                        {
                            "spendPlacesToUnlockObject": {
                                "instanceID": 51956
                            },
                            "prefab": {
                                "instanceID": 51988
                            },
                            "count": 10,
                            "restaurantObjects": 0
                        }
                    ],
                    "moneySpendPlaceToUnlockAreas": [
                        {
                            "spendPlacesToUnlockArea": {
                                "instanceID": 52046
                            },
                            "prefab": {
                                "instanceID": 52044
                            },
                            "count": 50,
                            "unloackableAreas": 0
                        }
                    ],
                    "moneyGetPlacesTransformPosition": [
                        {
                            "x": 0.009999999776482582,
                            "y": 0.05000000074505806,
                            "z": 1.6990000009536744
                        }
                    ],
                    "moneyGetPlacesTransformRotation": [
                        {
                            "x": 0.7071068286895752,
                            "y": 0.0,
                            "z": 0.0,
                            "w": 0.7071068286895752
                        }
                    ],
                    "moneyGetPlacesTransformScale": [
                        {
                            "x": 0.15000000596046449,
                            "y": 0.15000000596046449,
                            "z": 0.15000000596046449
                        }
                    ],
                    "moneySpendToUnlockObjectTransformPosition": [
                        {
                            "x": -1.090000033378601,
                            "y": 0.05000000074505806,
                            "z": -1.5099999904632569
                        }
                    ],
                    "moneySpendToUnlockObjectTransformRotation": [
                        {
                            "x": 0.7071068286895752,
                            "y": 0.0,
                            "z": 0.0,
                            "w": 0.7071068286895752
                        }
                    ],
                    "moneySpendToUnlockObjectTransformScale": [
                        {
                            "x": 0.15000000596046449,
                            "y": 0.15000000596046449,
                            "z": 0.15000000596046449
                        }
                    ],
                    "unlockableObjectPrefabTransformPosition": [
                        {
                            "x": 1.9290640354156495,
                            "y": 0.27337023615837099,
                            "z": -0.21417641639709474
                        }
                    ],
                    "unlockableObjectPrefabTransformRotation": [
                        {
                            "x": 0.0,
                            "y": 0.7071068286895752,
                            "z": 0.0,
                            "w": 0.7071068286895752
                        }
                    ],
                    "unlockableObjectPrefabTransformScale": [
                        {
                            "x": 2.1626999378204347,
                            "y": 0.5467399954795837,
                            "z": 0.417279988527298
                        }
                    ],
                    "moneySpendToUnlockAreaTransformPosition": [
                        {
                            "x": 3.619999885559082,
                            "y": 0.05000000074505806,
                            "z": -0.8700000047683716
                        }
                    ],
                    "moneySpendToUnlockAreaTransformRotation": [
                        {
                            "x": 0.7071068286895752,
                            "y": 0.0,
                            "z": 0.0,
                            "w": 0.7071068286895752
                        }
                    ],
                    "moneySpendToUnlockAreaTransformScale": [
                        {
                            "x": 0.15000000596046449,
                            "y": 0.15000000596046449,
                            "z": 0.15000000596046449
                        }
                    ],
                    "unlockableAreaPrefabTransformPosition": [
                        {
                            "x": 7.039999961853027,
                            "y": -0.021311938762664796,
                            "z": -0.019999999552965165
                        }
                    ],
                    "unlockableAreaPrefabTransformRotation": [
                        {
                            "x": 0.0,
                            "y": 0.7071068286895752,
                            "z": 0.0,
                            "w": 0.7071068286895752
                        }
                    ],
                    "unlockableAreaPrefabTransformScale": [
                        {
                            "x": 9.96115493774414,
                            "y": 0.0426238514482975,
                            "z": 4.046360492706299
                        }
                    ]
                }
            ],
            "objectsInLevels": []
        }
    ]
}